timestamp,open,high,low,close,volume
2024-07-26,1.0014439821243286,1.0026479959487915,0.998540997505188,0.9998720288276672,5226262.0
2024-07-27,0.9998720288276672,1.0018370151519775,0.9976950287818909,1.0007989406585693,7337706.0
2024-07-28,1.0007989406585693,1.0014270544052124,0.9983019828796387,0.999360978603363,4236288.0
2024-07-29,0.9993500113487244,1.0022250413894653,0.997560977935791,0.9992070198059082,7974973.0
2024-07-30,0.9992070198059082,1.0018130540847778,0.9975450038909912,0.9994519948959351,5648544.0
2024-07-31,0.9994519948959351,1.0008230209350586,0.9976720213890076,0.9991210103034973,6497039.0
2024-08-01,0.9991210103034973,1.0010839700698853,0.9970099925994873,0.9994500279426575,6369116.0
2024-08-02,0.9994500279426575,1.0004500150680542,0.9962090253829956,0.9969459772109985,7074188.0
2024-08-03,0.9969459772109985,0.9998260140419006,0.9965199828147888,0.997376024723053,5776257.0
2024-08-04,0.997376024723053,1.000586986541748,0.9965410232543945,0.997717022895813,7078599.0
2024-08-05,0.997717022895813,1.0008729696273804,0.9967100024223328,0.9978740215301514,12475797.0
2024-08-06,0.9978669881820679,1.0005520582199097,0.9972869753837585,0.9992380142211914,6109351.0
2024-08-07,0.9992160201072693,1.0008410215377808,0.9968929886817932,0.9981589913368225,6105479.0
2024-08-08,0.9981589913368225,1.000504970550537,0.9958320260047913,0.9983689785003662,8862839.0
2024-08-09,0.9983689785003662,1.0004839897155762,0.9974070191383362,0.9992179870605469,6988698.0
2024-08-10,0.9992179870605469,0.9994239807128906,0.9963470101356506,0.997937023639679,5096509.0
2024-08-11,0.9979529976844788,0.9995359778404236,0.9953420162200928,0.9970660209655762,8060586.0
2024-08-12,0.9970660209655762,0.9998360276222229,0.995507001876831,0.995947003364563,8092818.0
2024-08-13,0.995947003364563,1.0007760524749756,0.9954019784927368,0.999334990978241,6141475.0
2024-08-14,0.999334990978241,1.0000289678573608,0.9958310127258301,0.9976450204849243,6633783.0
2024-08-15,0.9976450204849243,1.0000489950180054,0.9957180023193359,0.9963240027427673,7192939.0
2024-08-16,0.9963240027427673,0.9999060034751892,0.9954730272293091,0.99863201379776,5452554.0
2024-08-17,0.99863201379776,1.000095009803772,0.997173011302948,0.9986019730567932,3657539.0
2024-08-18,0.9986019730567932,1.0011470317840576,0.9971709847450256,0.9991620182991028,6054746.0
2024-08-19,0.9991620182991028,1.0024549961090088,0.9972659945487976,1.000419020652771,7238041.0
2024-08-20,1.000419020652771,1.0012990236282349,0.9974150061607361,1.0001829862594604,6386212.0
2024-08-21,1.0001829862594604,1.0018500089645386,0.9985629916191101,1.000141978263855,3331801.0
2024-08-22,1.000141978263855,1.0021339654922485,0.9981539845466614,0.9988449811935425,2863563.0
2024-08-23,0.9988449811935425,1.0016299486160278,0.9979360103607178,0.999671995639801,3894664.0
2024-08-24,0.999671995639801,1.0027910470962524,0.99897301197052,1.0009030103683472,2639885.0
2024-08-25,1.0009030103683472,1.0029339790344238,0.9995030164718628,1.0010030269622803,2798200.0
2024-08-26,1.0010030269622803,1.0028860569000244,0.99897700548172,1.001660943031311,3216954.0
2024-08-27,1.001660943031311,1.003082036972046,0.9987999796867371,1.000641942024231,4052688.0
2024-08-28,1.000641942024231,1.0025629997253418,0.9993579983711243,0.999879002571106,4013503.0
2024-08-29,0.9998779892921448,1.0026570558547974,0.9988750219345093,1.00149405002594,2818438.0
2024-08-30,1.00149405002594,1.0025910139083862,0.9984220266342163,1.0004620552062988,3098428.0
2024-08-31,1.0004620552062988,1.0015449523925781,0.9986950159072876,0.9994379878044128,2073673.0
2024-09-01,0.9994379878044128,1.0015300512313843,0.9976890087127686,0.9984430074691772,3309099.0
2024-09-02,0.9984430074691772,1.0014859437942505,0.9962239861488342,0.998183012008667,3232782.0
2024-09-03,0.998183012008667,1.0003960132598877,0.9970719814300537,0.9983479976654053,3113155.0
2024-09-04,0.9983479976654053,1.0010390281677246,0.9981870055198669,0.9993190169334412,3910182.0
2024-09-05,0.9993370175361633,0.9998019933700562,0.9977689981460571,0.9992349743843079,2932408.0
2024-09-06,0.9992349743843079,1.00068199634552,0.9977110028266907,0.9993060231208801,3638678.0
2024-09-07,0.9993060231208801,1.0000100135803223,0.9973620176315308,0.9985489845275879,2302089.0
2024-09-08,0.9985489845275879,0.9996050000190735,0.9966570138931274,0.9986709952354431,2969006.0
2024-09-09,0.9985939860343933,1.00028395652771,0.9960759878158569,0.9972900152206421,3416536.0
2024-09-10,0.9972900152206421,0.9986069798469543,0.9954220056533813,0.9963809847831726,2784736.0
2024-09-11,0.9963809847831726,0.9999880194664001,0.9947590231895447,0.9988459944725037,3918909.0
2024-09-12,0.9988459944725037,1.0001519918441772,0.9967489838600159,0.9982579946517944,2948372.0
2024-09-13,0.9982579946517944,0.9999819993972778,0.9925050139427185,0.997310996055603,3320782.0
2024-09-14,0.997310996055603,0.9999129772186279,0.9964339733123779,0.9987059831619263,2442019.0
2024-09-15,0.9987059831619263,0.999405026435852,0.9951459765434265,0.9972599744796753,2529870.0
2024-09-16,0.9972599744796753,0.9981529712677002,0.993162989616394,0.9952049851417542,3243908.0
2024-09-17,0.9952049851417542,1.0007189512252808,0.9944450259208679,0.9985349774360657,3116254.0
2024-09-18,0.9985349774360657,1.000789999961853,0.9961879849433899,1.0001189708709717,2867133.0
2024-09-19,1.0001189708709717,1.0006999969482422,0.9977009892463684,0.9991070032119751,2673110.0
2024-09-20,0.9991070032119751,0.9997749924659729,0.9967489838600159,0.9985610246658325,2897681.0
2024-09-21,0.9985610246658325,1.0016820430755615,0.9979040026664734,0.9994649887084961,2718053.0
2024-09-22,0.9994649887084961,1.0012199878692627,0.9974730014801025,0.9996359944343567,2774257.0
2024-09-23,0.9996359944343567,1.0007519721984863,0.9968479871749878,0.9989759922027588,2985470.0
2024-09-24,0.9989759922027588,1.0005170106887817,0.9971920251846313,0.9978579878807068,2831870.0
2024-09-25,0.9978579878807068,1.000486969947815,0.9971349835395813,0.9989699721336365,3089817.0
2024-09-26,0.9989690184593201,1.0005589723587036,0.998100996017456,0.9995589852333069,3605436.0
2024-09-27,0.9995589852333069,1.0012309551239014,0.9979239702224731,0.9999240040779114,2692237.0
2024-09-28,0.9999240040779114,1.0007330179214478,0.9977949857711792,0.9988660216331482,1912476.0
2024-09-29,0.9988660216331482,1.000486969947815,0.9967510104179382,0.9991769790649414,2354128.0
2024-09-30,0.9991769790649414,1.0002779960632324,0.9966660141944885,0.9966719746589661,3345348.0
2024-10-01,0.9966719746589661,1.0004620552062988,0.996412992477417,0.9997450113296509,3804909.0
2024-10-02,0.9997450113296509,1.001073956489563,0.9977030158042908,0.9989989995956421,3170496.0
2024-10-03,0.9989830255508423,1.0001460313796997,0.9976890087127686,0.9986119866371155,2836492.0
2024-10-04,0.9986119866371155,1.000648021697998,0.9974579811096191,0.9985880255699158,2516743.0
2024-10-05,0.9985880255699158,1.000229001045227,0.9972019791603088,0.9994549751281738,1926739.0
2024-10-06,0.9994549751281738,1.0004199743270874,0.9971709847450256,0.9991269707679749,2308080.0
2024-10-07,0.9991269707679749,1.0008059740066528,0.9957559704780579,0.9981499910354614,2963552.0
2024-10-08,0.9981499910354614,0.9998430013656616,0.9970710277557373,0.9984099864959717,2373759.0
2024-10-09,0.9984099864959717,0.9998559951782227,0.9963430166244507,0.9971979856491089,3904323.0
2024-10-10,0.9971979856491089,0.9999020099639893,0.9957389831542969,0.9991409778594971,3531005.0
2024-10-11,0.9991409778594971,1.000586986541748,0.998013973236084,0.9992009997367859,3360133.0
2024-10-12,0.9992009997367859,1.0001360177993774,0.9970189929008484,0.9984700083732605,2691897.0
2024-10-13,0.9984700083732605,1.000236988067627,0.9962049722671509,0.9973989725112915,3104979.0
2024-10-14,0.9973989725112915,1.0009939670562744,0.9956269860267639,0.9991639852523804,3946621.0
2024-10-15,0.9991639852523804,1.001749038696289,0.996973991394043,0.998989999294281,2459721.0
2024-10-16,0.998989999294281,1.002148985862732,0.9981129765510559,1.0006810426712036,1865647.0
2024-10-17,1.0006810426712036,1.0018349885940552,0.9979289770126343,0.9993190169334412,1999974.0
2024-10-18,0.9993190169334412,1.0019830465316772,0.9983680248260498,1.000802993774414,2061774.0
2024-10-19,1.000802993774414,1.0020769834518433,0.9983320236206055,1.0011420249938965,1487617.0
2024-10-20,1.0011420249938965,1.0021079778671265,0.9976959824562073,0.9996709823608398,2256068.0
2024-10-21,0.9996709823608398,1.001958966255188,0.9972149729728699,0.9984279870986938,2755542.0
2024-10-22,0.9984279870986938,1.001235008239746,0.9974960088729858,0.9995660185813904,1959078.0
2024-10-23,0.9995660185813904,1.0016130208969116,0.9974049925804138,1.0007799863815308,2403060.0
2024-10-24,1.0002820491790771,1.0027899742126465,0.9985129833221436,1.0008490085601807,2200927.0
2024-10-25,1.0008490085601807,1.0016200542449951,0.9964380264282227,0.997967004776001,2416749.0
2024-10-26,0.997967004776001,1.000802993774414,0.9966819882392883,0.9981369972229004,1624511.0
2024-10-27,0.9981369972229004,1.0000280141830444,0.9969980120658875,0.9982069730758667,1983607.0
2024-10-28,0.9982069730758667,1.002174973487854,0.996953010559082,1.0001269578933716,2917515.0
2024-10-29,1.0001269578933716,1.0016369819641113,0.9974409937858582,1.0003149509429932,2454121.0
2024-10-30,1.0003149509429932,1.0021940469741821,0.9974330067634583,0.9987080097198486,1924250.0
2024-10-31,0.9987059831619263,0.9999380111694336,0.9955310225486755,0.9979479908943176,2241711.0
2024-11-01,0.9979479908943176,1.0015720129013062,0.996051013469696,1.0003399848937988,2224304.0
2024-11-02,1.0003399848937988,1.002439022064209,0.9977480173110962,1.0003440380096436,1337907.0
2024-11-03,1.0003440380096436,1.0014740228652954,0.9975900053977966,1.0004459619522095,4626686.0
2024-11-04,1.0004459619522095,1.00068199634552,0.9980170130729675,0.999235987663269,5062282.0
2024-11-05,0.999235987663269,1.001217007637024,0.9979590177536011,0.9997389912605286,5634298.0
2024-11-06,0.9997389912605286,1.0027010440826416,0.9992740154266357,1.0009139776229858,9794317.0
2024-11-07,1.0009139776229858,1.0025420188903809,0.9996500015258789,1.0001449584960938,7476822.0
2024-11-08,1.0001449584960938,1.002351999282837,0.9993789792060852,1.0008729696273804,6244148.0
2024-11-09,1.0008729696273804,1.0015180110931396,0.9948070049285889,1.0001740455627441,5086867.0
2024-11-10,1.0001740455627441,1.0028610229492188,0.9987499713897705,1.0016520023345947,9810634.0
2024-11-11,1.0016520023345947,1.0035450458526611,0.9997699856758118,1.002073049545288,10909758.0
2024-11-12,1.002073049545288,1.0042569637298584,0.9997329711914062,1.0019079446792603,12696626.0
2024-11-13,1.0019079446792603,1.0035710334777832,0.9999160170555115,1.0013790130615234,10592027.0
2024-11-14,1.0013790130615234,1.0024980306625366,0.9981240034103394,1.0006660223007202,10392120.0
2024-11-15,1.0006660223007202,1.0020819902420044,0.9980670213699341,0.9988980293273926,8899778.0
2024-11-16,0.999305009841919,1.002055048942566,0.9980639815330505,1.0013689994812012,8175274.0
2024-11-17,1.0013689994812012,1.0022660493850708,0.9987319707870483,1.0013200044631958,7875565.0
2024-11-18,1.0013200044631958,1.0032180547714233,0.9991400241851807,1.00068998336792,8536710.0
2024-11-19,1.00068998336792,1.002269983291626,1.0001260042190552,1.0011810064315796,7714026.0
2024-11-20,1.0011810064315796,1.0043460130691528,1.0005639791488647,1.0011650323867798,7655830.0
2024-11-21,1.0011650323867798,1.0036150217056274,0.9999020099639893,1.0017549991607666,8736998.0
2024-11-22,1.0018750429153442,1.0027639865875244,0.9996730089187622,1.0006459951400757,6801590.0
2024-11-23,1.0006200075149536,1.0011839866638184,0.9970769882202148,0.9989650249481201,1996657.0
2024-11-24,0.9989650249481201,1.0015820264816284,0.9972829818725586,1.0000569820404053,2377172.0
2024-11-25,1.0000569820404053,1.001376986503601,0.997750997543335,0.9994009733200073,2657076.0
2024-11-26,0.9993630051612854,1.001420021057129,0.9974309802055359,0.9987949728965759,2070094.0
2024-11-27,0.9987949728965759,1.0022130012512207,0.9971230030059814,1.0008130073547363,2074318.0
2024-11-28,1.0008130073547363,1.0018240213394165,0.9974510073661804,0.9985569715499878,1869691.0
2024-11-29,0.9985430240631104,1.001423954963684,0.9975289702415466,0.9989740252494812,2241045.0
2024-11-30,0.9989740252494812,1.0005099773406982,0.9975770115852356,0.999858021736145,1783046.0
2024-12-01,0.9998480081558228,1.0010759830474854,0.9961090087890625,0.9988269805908203,2503674.0
2024-12-02,0.9988269805908203,0.9991610050201416,0.9953699707984924,0.9972900152206421,3313203.0
2024-12-03,0.9972969889640808,1.0004709959030151,0.9959610104560852,0.9983940124511719,3319017.0
2024-12-04,0.9983940124511719,1.0014209747314453,0.9969450235366821,1.0005789995193481,3423083.0
2024-12-05,1.0005789995193481,1.001471996307373,0.9972379803657532,1.000072956085205,3546073.0
2024-12-06,0.9988449811935425,1.0012179613113403,0.997573971748352,0.9988660216331482,2496987.0
2024-12-07,0.9988660216331482,1.0007469654083252,0.9977160096168518,0.9986370205879211,2042329.0
2024-12-08,0.998865008354187,0.9994919896125793,0.9968519806861877,0.9977520108222961,4835090.0
2024-12-09,0.9977520108222961,0.9998549818992615,0.9972730278968811,0.9996230006217957,4952532.0
2024-12-10,0.9996230006217957,1.0006059408187866,0.9980270266532898,0.9987720251083374,3958681.0
2024-12-11,0.9987720251083374,1.0005550384521484,0.9984099864959717,0.999019980430603,2574935.0
2024-12-12,0.999019980430603,1.0004420280456543,0.9987829923629761,0.9993879795074463,1727186.0
2024-12-13,0.9993879795074463,1.0004010200500488,0.9979259967803955,0.9985399842262268,1400563.0
2024-12-14,0.9985399842262268,1.0008469820022583,0.9975699782371521,0.9981809854507446,1898112.0
2024-12-15,0.9981809854507446,1.0010639429092407,0.9973729848861694,0.9989349842071533,2280723.0
2024-12-16,0.9989349842071533,1.0025919675827026,0.9967809915542603,1.000285029411316,3360097.0
2024-12-17,1.000285029411316,1.0019869804382324,0.9978110194206238,1.00033700466156,2220850.0
2024-12-18,1.0003260374069214,1.0023159980773926,0.9976919889450073,0.9988430142402649,3633975.0
2024-12-19,0.9988430142402649,1.0006810426712036,0.9960799813270569,0.9980430006980896,2933144.0
2024-12-20,0.9980430006980896,0.9990299940109253,0.9944249987602234,0.9980400204658508,3168634.0
2024-12-21,0.9980400204658508,0.9993079900741577,0.9970470070838928,0.9977620244026184,2268803.0
2024-12-22,0.9977620244026184,0.9993159770965576,0.9952390193939209,0.9965530037879944,2252806.0
2024-12-23,0.9965530037879944,0.9977570176124573,0.9941059947013855,0.9972169995307922,3198516.0
2024-12-24,0.9972169995307922,0.998885989189148,0.9954609870910645,0.9979569911956787,2634682.0
2024-12-25,0.9979569911956787,0.9986519813537598,0.9954010248184204,0.9970399737358093,1982371.0
2024-12-26,0.9970399737358093,0.998520016670227,0.9942470192909241,0.9950249791145325,2382727.0
2024-12-27,0.9950219988822937,0.9981880187988281,0.9938210248947144,0.9966210126876831,2634793.0
2024-12-28,0.9966210126876831,0.9982460141181946,0.9950829744338989,0.9957029819488525,1725336.0
2024-12-29,0.9957029819488525,0.9987499713897705,0.9944729804992676,0.996595025062561,2438761.0
2024-12-30,0.9965959787368774,0.9979389905929565,0.9877560138702393,0.9926270246505737,2866259.0
2024-12-31,0.9926270246505737,1.0002100467681885,0.9911540150642395,0.9967309832572937,2471794.0
2025-01-01,0.9967309832572937,0.9984269738197327,0.9952409863471985,0.997875988483429,2197713.0
2025-01-02,0.9978770017623901,0.9992460012435913,0.996025025844574,0.9962700009346008,2897845.0
2025-01-03,0.9962509870529175,0.997992992401123,0.992775022983551,0.9940400123596191,2608961.0
2025-01-04,0.9940400123596191,0.9969620108604431,0.9934279918670654,0.9951639771461487,1970516.0
2025-01-05,0.9951639771461487,0.9963030219078064,0.9932969808578491,0.9949560165405273,2247841.0
2025-01-06,0.9949560165405273,0.9988179802894592,0.9929100275039673,0.9975749850273132,3640167.0
2025-01-07,0.9975720047950745,0.9988120198249817,0.9931740164756775,0.9955580234527588,3503819.0
2025-01-08,0.9955580234527588,0.9971029758453369,0.9924219846725464,0.9955999851226807,3598677.0
2025-01-09,0.9955999851226807,0.9975810050964355,0.9924669861793518,0.9955440163612366,2703644.0
2025-01-10,0.9955300092697144,0.9973800182342529,0.9924489855766296,0.995872974395752,3246459.0
2025-01-11,0.995872974395752,0.9966740012168884,0.9937919974327087,0.9944570064544678,1745420.0
2025-01-12,0.9944570064544678,0.9964460134506226,0.9928110241889954,0.9948369860649109,2411191.0
2025-01-13,0.9948369860649109,0.998091995716095,0.9931049942970276,0.9962339997291565,3574823.0
2025-01-14,0.9962339997291565,0.9999759793281555,0.994297981262207,0.9999250173568726,2338417.0
2025-01-15,0.9999290108680725,1.0005079507827759,0.9972050189971924,0.998898983001709,2958981.0
2025-01-16,0.99891197681427,1.0007489919662476,0.9966260194778442,0.9991379976272583,2781955.0
2025-01-17,0.9991379976272583,1.0002460479736328,0.9973300099372864,0.9989439845085144,2887620.0
2025-01-18,0.9989439845085144,1.0000449419021606,0.9958810210227966,0.9971190094947815,2383950.0
2025-01-19,0.9971190094947815,1.0003349781036377,0.9951800107955933,0.9983059763908386,3570146.0
2025-01-20,0.9983059763908386,0.9993619918823242,0.9957690238952637,0.9977279901504517,4649671.0
2025-01-21,0.9976850152015686,0.9998599886894226,0.9966899752616882,0.9974089860916138,2676131.0
2025-01-22,0.9974089860916138,0.9982330203056335,0.9956629872322083,0.9973769783973694,2145105.0
2025-01-23,0.9973430037498474,0.9993000030517578,0.9960029721260071,0.99726802110672,3256651.0
2025-01-24,0.99726802110672,1.000588059425354,0.9950810074806213,0.996986985206604,2575169.0
2025-01-25,0.9970089793205261,0.9986640214920044,0.9962499737739563,0.9974870085716248,2042940.0
2025-01-26,0.9974899888038635,0.9985439777374268,0.9952960014343262,0.9961490035057068,2272032.0
2025-01-27,0.9961490035057068,0.9973210096359253,0.9932039976119995,0.9958869814872742,4932196.0
2025-01-28,0.9958869814872742,0.997294008731842,0.993615984916687,0.9951180219650269,3318005.0
2025-01-29,0.9951180219650269,0.9976400136947632,0.9939590096473694,0.9968000054359436,3533516.0
2025-01-30,0.9968370199203491,0.9981160163879395,0.9954580068588257,0.9973959922790527,3438950.0
2025-01-31,0.9973959922790527,0.9988300204277039,0.9954820275306702,0.9968249797821045,3544142.0
2025-02-01,0.9968069791793823,0.9987170100212097,0.9948430061340332,0.997484028339386,2840219.0
2025-02-02,0.997484028339386,1.0011260509490967,0.9954990148544312,0.9965980052947998,4940102.0
2025-02-03,0.9965980052947998,1.0058859586715698,0.9955710172653198,0.9983329772949219,10503147.0
2025-02-04,0.9983329772949219,1.0119620561599731,0.9940609931945801,0.9965519905090332,7199875.0
2025-02-05,0.9965519905090332,1.0095490217208862,0.9947599768638611,1.000404953956604,5694069.0
2025-02-06,1.000404953956604,1.014309048652649,0.9827269911766052,1.0004860162734985,9944852.0
2025-02-07,1.0004860162734985,1.0021519660949707,0.98745197057724,0.9976720213890076,12477425.0
2025-02-08,0.9976720213890076,1.0009870529174805,0.9960010051727295,0.9995920062065125,9552852.0
2025-02-09,0.9995920062065125,1.0009030103683472,0.9980490207672119,1.0004780292510986,7950034.0
2025-02-10,1.0004780292510986,1.0011340379714966,0.9985650181770325,1.0003249645233154,8257860.0
2025-02-11,1.0003249645233154,1.001492977142334,0.9996190071105957,0.9999690055847168,8301511.0
2025-02-12,0.9999690055847168,1.0019639730453491,0.9992049932479858,1.0003219842910767,9364321.0
2025-02-13,1.0003219842910767,1.0010809898376465,0.9995930194854736,1.0001879930496216,8963336.0
2025-02-14,1.0001879930496216,1.000952959060669,0.999550998210907,0.9998769760131836,6864837.0
2025-02-15,0.9998769760131836,1.006695032119751,0.9988890290260315,0.9998900294303894,7026763.0
2025-02-16,0.9998900294303894,1.0009700059890747,0.9996079802513123,1.000048041343689,6857646.0
2025-02-17,1.000048041343689,1.001924991607666,0.9992049932479858,1.0008829832077026,5152635.0
2025-02-18,1.0008829832077026,1.0028120279312134,0.9987959861755371,1.0004440546035767,3224303.0
2025-02-19,1.0004440546035767,1.002087950706482,0.9990580081939697,1.000596046447754,4373661.0
2025-02-20,1.000596046447754,1.0029549598693848,0.9995269775390625,1.001281976699829,4356716.0
2025-02-21,1.001281976699829,1.0026359558105469,0.998458981513977,0.9993759989738464,7032073.0
2025-02-22,0.9993759989738464,1.000520944595337,0.9991160035133362,1.0003440380096436,20270973.0
2025-02-23,1.0003440380096436,1.0008970499038696,0.9998990297317505,1.000156044960022,25834717.0
2025-02-24,1.000156044960022,1.0011390447616577,0.9994029998779297,0.9997329711914062,21660168.0
2025-02-25,0.9997329711914062,1.0014439821243286,0.9979889988899231,0.998835027217865,32558500.0
2025-02-26,0.998835027217865,1.0003459453582764,0.9980210065841675,0.9985849857330322,21938158.0
2025-02-27,0.9985849857330322,1.0012010335922241,0.9982619881629944,0.9991179704666138,25549837.0
2025-02-28,0.9991179704666138,1.0009829998016357,0.9982770085334778,0.9996709823608398,22328010.0
2025-03-01,0.9996709823608398,1.0005520582199097,0.999351978302002,0.999809980392456,19518466.0
2025-03-02,0.999809980392456,1.0030930042266846,0.9994339942932129,1.0009039640426636,15154458.0
2025-03-03,1.0009020566940308,1.0014400482177734,0.9978269934654236,0.9982600212097168,9461271.0
2025-03-04,0.9982600212097168,1.0008410215377808,0.994297981262207,0.9996500015258789,9382197.0
2025-03-05,0.9996500015258789,1.001001000404358,0.9988890290260315,0.9999160170555115,8843118.0
2025-03-06,0.9999160170555115,1.0012739896774292,0.999547004699707,1.0001369714736938,343414049.0
2025-03-07,1.0001369714736938,1.001757025718689,0.99857497215271,0.9994249939918518,6786720.0
2025-03-08,0.9994249939918518,1.00081205368042,0.9984710216522217,0.9993330240249634,2936376.0
2025-03-09,0.9993320107460022,1.0002540349960327,0.9980509877204895,0.9989380240440369,5042241.0
2025-03-10,0.9989380240440369,1.0015909671783447,0.9985269904136658,0.999297022819519,8112489.0
2025-03-11,0.9997180104255676,1.0013090372085571,0.9988710284233093,0.9994630217552185,3229949.0
2025-03-12,0.9994630217552185,1.0013949871063232,0.9984539747238159,1.0000250339508057,5051813.0
2025-03-13,1.0000250339508057,1.0017800331115723,0.9992250204086304,1.0006619691848755,2904785.0
2025-03-14,1.0006619691848755,1.0027530193328857,0.9990249872207642,1.0001579523086548,2423033.0
2025-03-15,1.0001499652862549,1.0020400285720825,0.9984700083732605,1.000427007675171,4417266.0
2025-03-16,1.0004149675369263,1.0011759996414185,0.9986969828605652,1.000519037246704,3161488.0
2025-03-17,1.0005160570144653,1.0013409852981567,0.998744010925293,1.0003609657287598,3600954.0
2025-03-18,1.0003609657287598,1.0010679960250854,0.9990400075912476,0.9997519850730896,8493352.0
2025-03-19,0.9997519850730896,1.0009299516677856,0.9993929862976074,1.000499963760376,7804621.0
2025-03-20,1.000499963760376,1.003317952156067,0.9994469881057739,0.9999039769172668,8631125.0
2025-03-21,0.9999600052833557,1.0066319704055786,0.999563992023468,1.0008549690246582,4629164.0
2025-03-22,1.0008549690246582,1.0047500133514404,0.9998940229415894,1.0011359453201294,3333437.0
2025-03-23,1.0011359453201294,1.0020639896392822,0.9993500113487244,1.0010570287704468,4810468.0
2025-03-24,1.0010570287704468,1.0055869817733765,0.9993789792060852,1.001054048538208,5215523.0
2025-03-25,1.001054048538208,1.002426028251648,1.0001380443572998,1.0012929439544678,4039765.0
2025-03-26,1.0012929439544678,1.0028009414672852,0.9996970295906067,1.0002599954605103,6764811.0
2025-03-27,1.0002599954605103,1.0011310577392578,0.9995290040969849,1.000072956085205,6733692.0
2025-03-28,1.000072956085205,1.0009909868240356,0.999068021774292,0.9996709823608398,5254984.0
2025-03-29,0.9996709823608398,1.0005769729614258,0.9991400241851807,0.999770998954773,3277281.0
2025-03-30,0.999770998954773,1.0005749464035034,0.9983140230178833,0.9994829893112183,4641380.0
2025-03-31,0.9994829893112183,1.0006259679794312,0.9985190033912659,0.9992020130157471,4436539.0
2025-04-01,0.9992020130157471,1.0004069805145264,0.9982270002365112,1.0002080202102661,3936883.0
2025-04-02,1.0002080202102661,1.0003329515457153,0.9985139966011047,0.9994519948959351,6993646.0
2025-04-03,0.9994519948959351,1.0002880096435547,0.998894989490509,0.9993489980697632,6788229.0
2025-04-04,0.9993489980697632,1.0047450065612793,0.9990720152854919,1.000331997871399,20498996.0
2025-04-05,1.000331997871399,1.0129129886627197,0.9969459772109985,0.999297022819519,15429059.0
2025-04-06,0.9993039965629578,1.0021380186080933,0.9976829886436462,0.9991490244865417,6664890.0
2025-04-07,0.9991490244865417,1.0002260208129883,0.9978920221328735,0.9994950294494629,8981886.0
2025-04-08,0.9994950294494629,1.0030690431594849,0.9981629848480225,0.9989209771156311,5903461.0
2025-04-09,0.9989209771156311,1.000249981880188,0.9982029795646667,0.9993829727172852,5973623.0
2025-04-10,0.9993829727172852,0.9998350143432617,0.9984560012817383,0.998924970626831,4096826.0
2025-04-11,0.998924970626831,1.0000640153884888,0.9979529976844788,0.9995099902153015,4073376.0
2025-04-12,0.9995099902153015,1.00027596950531,0.9982460141181946,1.0001260042190552,3976369.0
2025-04-13,1.0001260042190552,1.0004010200500488,0.9988530278205872,0.9993119835853577,5415525.0
2025-04-14,0.9993119835853577,1.0019309520721436,0.9988459944725037,1.001170039176941,3573189.0
2025-04-15,1.001170039176941,1.0023610591888428,0.9994530081748962,1.001744031906128,4649433.0
2025-04-16,1.001744031906128,1.0046659708023071,1.000046968460083,1.0012849569320679,4314674.0
2025-04-17,1.0012849569320679,1.002547025680542,0.9991229772567749,1.000810980796814,3215264.0
2025-04-18,1.000810980796814,1.0079619884490967,0.9993330240249634,1.0005489587783813,4151469.0
2025-04-19,1.0005489587783813,1.0013840198516846,0.9994699954986572,1.0003290176391602,4770539.0
2025-04-20,1.0003290176391602,1.001531958580017,0.9992020130157471,1.0001239776611328,3916108.0
2025-04-21,1.0001239776611328,1.0015020370483398,0.9986249804496765,1.000383973121643,4253558.0
2025-04-22,1.0003490447998047,1.0014100074768066,0.9990100264549255,1.000082015991211,4122370.0
2025-04-23,1.000082015991211,1.0017600059509277,0.9991850256919861,1.0001230239868164,3746008.0
2025-04-24,1.0001219511032104,1.0017180442810059,0.9992049932479858,1.0005249977111816,3781741.0
2025-04-25,1.0005249977111816,1.0017369985580444,0.9994580149650574,1.0007400512695312,8225807.0
2025-04-26,1.0007020235061646,1.001268982887268,0.9996880292892456,1.0003600120544434,5285294.0
2025-04-27,1.0003600120544434,1.0010039806365967,0.9994639754295349,1.000236988067627,6522906.0
2025-04-28,1.000143051147461,1.0014879703521729,0.9994170069694519,1.0001920461654663,9960297.0
2025-04-29,1.0001909732818604,1.0018370151519775,0.9987519979476929,1.0001109838485718,10291031.0
2025-04-30,1.0001109838485718,1.001781940460205,0.9981499910354614,0.9999449849128723,11448109.0
2025-05-01,0.9999449849128723,1.0015850067138672,0.99897700548172,0.9999729990959167,12137326.0
2025-05-02,1.0001380443572998,1.0009740591049194,0.9986010193824768,1.0002110004425049,9502892.0
2025-05-03,1.0002110004425049,1.0007259845733643,0.9994210004806519,1.000074028968811,6188553.0
2025-05-04,1.000074028968811,1.0017529726028442,0.998865008354187,0.999875009059906,7855860.0
2025-05-05,0.999875009059906,1.0010230541229248,0.9987390041351318,0.9998070001602173,11166202.0
2025-05-06,0.9998070001602173,1.0013959407806396,0.9983159899711609,1.0002650022506714,11145663.0
2025-05-07,1.0002650022506714,1.002007007598877,0.9990599751472473,1.0005069971084595,10355028.0
2025-05-08,1.0005069971084595,1.002817988395691,0.9985030293464661,1.0004210472106934,13762499.0
2025-05-09,1.0004210472106934,1.0030419826507568,0.9988409876823425,1.0002700090408325,15743541.0
2025-05-10,1.0002700090408325,1.0013240575790405,0.9979640245437622,0.9997310042381287,12131997.0
2025-05-11,0.9997310042381287,1.0012320280075073,0.9983810186386108,1.0001989603042603,12753655.0
2025-05-12,1.0001989603042603,1.0025360584259033,0.9971020221710205,1.0002919435501099,18717016.0
2025-05-13,1.0002919435501099,1.0019450187683105,0.9979959726333618,1.0002919435501099,16767138.0
2025-05-14,1.0002919435501099,1.0018190145492554,0.9988110065460205,1.0003440380096436,12106195.0
2025-05-15,1.0003440380096436,1.0019350051879883,0.9988089799880981,1.0000519752502441,13733427.0
2025-05-16,1.0000540018081665,1.002150058746338,0.9992539882659912,1.0003019571304321,12656465.0
2025-05-17,1.0003019571304321,1.0012660026550293,0.9986180067062378,1.0003149509429932,10160286.0
2025-05-18,1.0003149509429932,1.0021300315856934,0.9979400038719177,1.0014159679412842,12895154.0
2025-05-19,1.0014159679412842,1.0024470090866089,0.9984310269355774,1.000141978263855,17360502.0
2025-05-20,1.000141978263855,1.0025999546051025,0.9976189732551575,1.0001250505447388,14959245.0
2025-05-21,1.0001250505447388,1.0031579732894897,0.9973310232162476,1.0002349615097046,20346538.0
2025-05-22,1.0002349615097046,1.0025160312652588,0.9969099760055542,0.999871015548706,19297879.0
2025-05-23,0.999871015548706,1.0027899742126465,0.9974780082702637,1.0003429651260376,16949427.0
2025-05-24,1.0003429651260376,1.0027329921722412,0.996874988079071,1.000898003578186,10406915.0
2025-05-25,1.000898003578186,1.002629041671753,0.9970290064811707,1.0002180337905884,12674182.0
2025-05-26,1.0002180337905884,1.0038299560546875,0.9984470009803772,1.0003290176391602,11555527.0
2025-05-27,1.0003290176391602,1.0024980306625366,0.9968990087509155,1.000520944595337,13517559.0
2025-05-28,1.000520944595337,1.0015820264816284,0.9986019730567932,1.000120997428894,12480248.0
2025-05-29,1.000120997428894,1.0024789571762085,0.9978029727935791,0.9997220039367676,13530658.0
2025-05-30,0.9997220039367676,1.0043350458145142,0.9968230128288269,0.9999480247497559,16366858.0
2025-05-31,0.9998310208320618,1.004356026649475,0.9958459734916687,1.0004099607467651,9428242.0
2025-06-01,1.0004099607467651,1.0030089616775513,0.9987729787826538,1.0006580352783203,10400693.0
2025-06-02,1.0006580352783203,1.0036790370941162,0.9976249933242798,1.0003019571304321,11274537.0
2025-06-03,1.0003019571304321,1.004652976989746,0.9979509711265564,1.0007970333099365,28440846.0
2025-06-04,1.0007929801940918,1.0038470029830933,0.9964060187339783,1.0005689859390259,26780371.0
2025-06-05,1.0005689859390259,1.0055179595947266,0.9977880120277405,1.0006550550460815,30801487.0
2025-06-06,1.0006550550460815,1.0046379566192627,0.99863600730896,1.0009280443191528,31091280.0
2025-06-07,1.0009219646453857,1.00443696975708,0.9982950091362,1.000519037246704,22548055.0
2025-06-08,1.000519037246704,1.004263997077942,0.9982569813728333,1.0002670288085938,21417866.0
2025-06-09,1.0002670288085938,1.0040700435638428,0.9960430264472961,1.0008070468902588,24615609.0
2025-06-10,1.0008070468902588,1.002413034439087,0.9978349804878235,1.000553011894226,24332996.0
2025-06-11,1.000553011894226,1.002020001411438,0.9965829849243164,1.000445008277893,19639197.0
2025-06-12,1.000445008277893,1.0026910305023193,0.9984070062637329,1.0003809928894043,17730339.0
2025-06-13,1.0003809928894043,1.0039819478988647,0.9984269738197327,1.0003559589385986,22520372.0
2025-06-14,1.0003559589385986,1.0023490190505981,0.9987099766731262,1.0002479553222656,12171592.0
2025-06-15,1.0002479553222656,1.0023820400238037,0.9990770220756531,1.0003160238265991,10992066.0
2025-06-16,1.0003160238265991,1.0019140243530273,0.9993280172348022,1.0006879568099976,19010776.0
2025-06-17,1.0006879568099976,1.0030299425125122,0.9990659952163696,1.000262975692749,19484680.0
2025-06-18,1.000262975692749,1.0023640394210815,0.9988800287246704,1.0003989934921265,15884568.0
2025-06-19,1.0003989934921265,1.0018579959869385,0.998986005783081,1.0003039836883545,13751705.0
2025-06-20,1.0003039836883545,1.0014699697494507,0.9978100061416626,1.0004069805145264,19337454.0
2025-06-21,1.0004069805145264,1.0019299983978271,0.9978690147399902,1.000303030014038,14113896.0
2025-06-22,1.000303030014038,1.0023629665374756,0.9989100098609924,1.0002199411392212,23738793.0
2025-06-23,1.0002199411392212,1.0023330450057983,0.9976490139961243,1.000669002532959,22835176.0
2025-06-24,1.000669002532959,1.001744031906128,0.9995059967041016,1.000372052192688,16501028.0
2025-06-25,1.000372052192688,1.0020639896392822,0.9990360140800476,0.9999160170555115,18115104.0
2025-06-26,0.9999160170555115,1.0020320415496826,0.9986730217933655,1.0002440214157104,25217028.0
2025-06-27,1.0002440214157104,1.0031629800796509,0.9976840019226074,1.0003889799118042,25314634.0
2025-06-28,1.0003889799118042,1.0011069774627686,0.9995880126953125,1.0001720190048218,12301596.0
2025-06-29,1.0001720190048218,1.0014359951019287,0.9974989891052246,1.000038981437683,14489715.0
2025-06-30,1.000038981437683,1.0026220083236694,0.9986019730567932,1.0001920461654663,17526703.0
2025-07-01,1.0001920461654663,1.0025930404663086,0.9975590109825134,1.0007070302963257,18274777.0
2025-07-02,1.0007070302963257,1.0058989524841309,0.9960060119628906,1.000419020652771,21776397.0
2025-07-03,1.000419020652771,1.0036139488220215,0.9974910020828247,1.000154972076416,12070947.0
2025-07-04,1.000154972076416,1.002709984779358,0.9973440170288086,1.000270962715149,6969339.0
2025-07-05,1.000270962715149,1.002655029296875,0.9980570077896118,1.0000040531158447,4474316.0
2025-07-06,1.0000040531158447,1.0010509490966797,0.9989500045776367,0.9997050166130066,6203538.0
2025-07-07,0.9997050166130066,1.0010780096054077,0.9991980195045471,1.000141978263855,6546752.0
2025-07-08,1.000141978263855,1.0010290145874023,0.9991850256919861,0.9999930262565613,7180939.0
2025-07-09,0.9999930262565613,1.0010050535202026,0.9988049864768982,1.0007649660110474,10592106.0
2025-07-10,1.0007649660110474,1.0028129816055298,0.9952639937400818,1.0000170469284058,8184037.0
2025-07-11,1.0000170469284058,1.0157339572906494,0.9964699745178223,1.000048041343689,9583186.0
2025-07-12,1.000048041343689,1.0026979446411133,0.9973239898681641,1.0002180337905884,7285397.0
2025-07-13,1.0002180337905884,1.000789999961853,0.9988589882850647,1.000229001045227,7909878.0
2025-07-14,1.000229001045227,1.0085810422897339,0.9937319755554199,1.000067949295044,11118091.0
2025-07-15,1.000067949295044,1.0041680335998535,0.9957330226898193,1.0006890296936035,9167365.0
2025-07-16,1.0006890296936035,1.0019240379333496,0.9993289709091187,1.0004470348358154,8609967.0
2025-07-17,1.0004470348358154,1.0014220476150513,0.9996140003204346,1.0007519721984863,5588548.0
2025-07-18,1.0007519721984863,1.0016889572143555,0.9993929862976074,1.0005500316619873,5478662.0
2025-07-19,1.0005589723587036,1.0016330480575562,0.999796986579895,1.0003750324249268,5027073.0
2025-07-20,1.0003750324249268,1.0028380155563354,0.998054027557373,0.9993659853935242,17019268.0
2025-07-21,0.9993659853935242,1.0025949478149414,0.9979699850082397,1.0013489723205566,24816121.0
2025-07-22,1.0013489723205566,1.0028020143508911,0.9985039830207825,1.0004589557647705,4633053.0
2025-07-23,1.0004589557647705,1.0010290145874023,0.9987130165100098,0.9999719858169556,4092634.0
2025-07-24,0.9999719858169556,1.0015939474105835,0.9992219805717468,1.000607967376709,4836550.0
2025-07-25,1.000607967376709,1.0012719631195068,0.9988290071487427,1.000383973121643,6171635.0
2025-07-26,1.000383973121643,1.0014029741287231,0.9993020296096802,1.000694990158081,3977626.0
2025-07-27,1.000694990158081,1.0014129877090454,0.998727023601532,0.9991179704666138,5444578.0
2025-07-28,0.9991179704666138,1.0007519721984863,0.9981439709663391,0.9996240139007568,4649342.0
2025-07-29,0.999625027179718,1.0006459951400757,0.9991220235824585,0.999576985836029,7765107.0
2025-07-30,0.999576985836029,1.0007280111312866,0.9990410208702087,0.9997130036354065,5343954.0
2025-07-31,0.9997130036354065,1.000627040863037,0.9987090229988098,0.9996600151062012,4619031.0
2025-08-01,0.9996600151062012,1.0004780292510986,0.9978950023651123,0.9992740154266357,4398662.0
2025-08-02,0.9992740154266357,1.0005090236663818,0.9986969828605652,0.9992460012435913,3405076.0
2025-08-03,0.9992460012435913,1.0014090538024902,0.9980589747428894,0.9996370077133179,4248864.0
2025-08-04,0.9996370077133179,1.0007760524749756,0.9987329840660095,0.9994310140609741,4899864.0
2025-08-05,0.9994310140609741,1.0013450384140015,0.9982569813728333,0.999521017074585,3643340.0
2025-08-06,0.999521017074585,1.0006330013275146,0.9985319972038269,0.9999740123748779,3641350.0
2025-08-07,0.9999740123748779,1.001291036605835,0.999131977558136,0.9992600083351135,3871219.0
2025-08-08,0.9992600083351135,1.0010459423065186,0.9989169836044312,0.9993360042572021,5017345.0
2025-08-09,0.9993360042572021,1.0006120204925537,0.9989460110664368,0.9998440146446228,6713016.0
2025-08-10,0.9998440146446228,1.0011199712753296,0.998727023601532,0.9999759793281555,3821501.0
2025-08-11,0.9999759793281555,1.0010850429534912,0.9983329772949219,0.9999979734420776,6606361.0
2025-08-12,0.9999979734420776,1.001114010810852,0.9987580180168152,0.9996960163116455,6534080.0
2025-08-13,0.9996960163116455,1.0018750429153442,0.9981669783592224,0.9998440146446228,6648313.0
2025-08-14,0.9998440146446228,1.0037870407104492,0.9966149926185608,0.999858021736145,5191967.0
2025-08-15,0.999858021736145,1.0034250020980835,0.9969390034675598,1.0001150369644165,4556903.0
2025-08-16,1.0001150369644165,1.0019840002059937,0.9984750151634216,1.0001469850540161,2765811.0
2025-08-17,1.0001469850540161,1.001844048500061,0.9987549781799316,1.0005849599838257,3972225.0
2025-08-18,1.0005849599838257,1.0026520490646362,0.9987480044364929,1.000074028968811,5171175.0
2025-08-19,1.000074028968811,1.0019220113754272,0.9972699880599976,0.9995700120925903,4677381.0
2025-08-20,0.9995700120925903,1.0020619630813599,0.9975789785385132,0.9996140003204346,4985780.0
2025-08-21,0.9996140003204346,1.0012550354003906,0.9980800151824951,0.9992750287055969,4559289.0
2025-08-22,0.9992750287055969,1.0016380548477173,0.9977700114250183,0.9996320009231567,7667947.0
2025-08-23,0.9996320009231567,1.0004479885101318,0.9975200295448303,0.9992489814758301,4374031.0
2025-08-24,0.9992489814758301,1.0005910396575928,0.9971370100975037,0.9984779953956604,5779510.0
2025-08-25,0.9984779953956604,1.0020719766616821,0.997044026851654,0.999426007270813,5812284.0
2025-08-26,0.999426007270813,1.0026860237121582,0.9974510073661804,1.0002260208129883,5044318.0
2025-08-27,1.0002260208129883,1.0018999576568604,0.9970359802246094,0.9998660087585449,5224678.0
2025-08-28,0.9998660087585449,1.001479983329773,0.9975450038909912,0.9996060132980347,4310173.0
2025-08-29,0.9995399713516235,1.0016210079193115,0.997177004814148,1.00005304813385,6076876.0
2025-08-30,1.00005304813385,1.0015100240707397,0.9979550242424011,0.9991629719734192,3525393.0
2025-08-31,0.9991629719734192,1.000836968421936,0.997704029083252,0.9991829991340637,4393846.0
2025-09-01,0.9991829991340637,1.001744031906128,0.9980610013008118,0.999439001083374,6651817.0
2025-09-02,0.999439001083374,1.0014079809188843,0.998403012752533,0.9998319745063782,4863599.0
2025-09-03,0.9998319745063782,1.0011919736862183,0.9979509711265564,1.0005580186843872,3867507.0
2025-09-04,1.0005580186843872,1.0015629529953003,0.9978370070457458,1.0002130270004272,4872349.0
2025-09-05,1.0002130270004272,1.0022660493850708,0.9980990290641785,0.9998409748077393,5720426.0
2025-09-06,0.9998409748077393,1.0006910562515259,0.9979259967803955,1.000180959701538,3077705.0
2025-09-07,1.000180959701538,1.0011130571365356,0.9991909861564636,1.0002449750900269,3655465.0
2025-09-08,1.0002449750900269,1.001613974571228,0.9980549812316895,0.9981880187988281,4453658.0
2025-09-09,0.9981880187988281,1.0010370016098022,0.9976360201835632,0.9997419714927673,4266631.0
2025-09-10,0.9997419714927673,1.0007150173187256,0.9979220032691956,1.0001169443130493,16221702.0
2025-09-11,1.0001169443130493,1.0017280578613281,0.9976279735565186,1.00006902217865,6579361.0
2025-09-12,1.00006902217865,1.0011459589004517,0.998416006565094,1.0005789995193481,43331832.0
2025-09-13,1.0005789995193481,1.0007729530334473,0.999763011932373,1.0003329515457153,194601917.0
2025-09-14,1.0003329515457153,1.0006929636001587,0.9998409748077393,1.0003490447998047,526651981.0
2025-09-15,1.0003490447998047,1.0009620189666748,0.9999520182609558,1.0003600120544434,186631994.0
2025-09-16,1.0003600120544434,1.0019030570983887,0.9985460042953491,1.0005769729614258,4253224.0
2025-09-17,1.0005769729614258,1.0023479461669922,0.9978089928627014,1.0006059408187866,5834640.0
2025-09-18,1.0006059408187866,1.0021220445632935,0.9976950287818909,1.0011860132217407,3887101.0
2025-09-19,1.0011860132217407,1.002087950706482,0.9980270266532898,1.0015619993209839,4056914.0
2025-09-20,1.0015619993209839,1.002166986465454,0.9992190003395081,0.9994580149650574,3188273.0
2025-09-21,0.9994580149650574,1.002925992012024,0.9984040260314941,0.9988830089569092,2979767.0
2025-09-22,0.9988830089569092,1.0031520128250122,0.9979689717292786,1.0008970499038696,5469141.0
2025-09-23,1.0008970499038696,1.0025169849395752,0.9970679879188538,0.9999169707298279,4093102.0
2025-09-24,0.9999169707298279,1.0022640228271484,0.9979659914970398,1.0000059604644775,3882158.0
2025-09-25,1.0000059604644775,1.0022670030593872,0.9974480271339417,1.0002399682998657,4946182.0
2025-09-26,1.0002399682998657,1.0021259784698486,0.9987549781799316,1.0007200241088867,3564641.0
2025-09-27,1.0007200241088867,1.0015610456466675,0.997901976108551,1.0006749629974365,2208964.0
2025-09-28,1.0006749629974365,1.0023009777069092,0.9993399977684021,1.000540018081665,1723023.0
2025-09-29,1.000540018081665,1.0301710367202759,0.998196005821228,1.0132520198822021,19503821.0
2025-09-30,1.0132520198822021,1.0321969985961914,0.994592010974884,1.0002219676971436,3619466.0
2025-10-01,1.0002219676971436,1.003970980644226,0.9978039860725403,1.000195026397705,3029128.0
2025-10-02,1.000195026397705,1.0034960508346558,0.9973300099372864,1.0006740093231201,3818683.0
2025-10-03,1.0006740093231201,1.0032440423965454,0.9961529970169067,1.0005849599838257,3350379.0
2025-10-04,1.0005849599838257,1.0014539957046509,0.9970229864120483,1.0003269910812378,2458982.0
2025-10-05,1.0003269910812378,1.002642035484314,0.9966409802436829,1.0005300045013428,3021698.0
2025-10-06,1.0005300045013428,1.0024139881134033,0.9969850182533264,0.9999709725379944,3835846.0
2025-10-07,0.9999709725379944,1.0030310153961182,0.995274007320404,1.0004119873046875,3313674.0
2025-10-08,1.0004119873046875,1.004591941833496,0.9972220063209534,1.000404953956604,3116694.0
2025-10-09,1.000404953956604,1.004060983657837,0.9911080002784729,1.0004220008850098,4825020.0
2025-10-10,1.0004220008850098,1.0125000476837158,0.9888370037078857,1.002416968345642,9742616.0
2025-10-11,1.002416968345642,1.0044740438461304,0.9959530234336853,1.0008729696273804,4670841.0
2025-10-12,1.0008729696273804,1.0035860538482666,0.9973610043525696,1.0015859603881836,4070374.0
2025-10-13,1.0015889406204224,1.0035760402679443,0.994687020778656,1.0012539625167847,4773675.0
2025-10-14,1.0012539625167847,1.0048439502716064,0.9979339838027954,1.0005799531936646,6245094.0
2025-10-15,1.0005799531936646,1.0018409490585327,0.9986000061035156,1.0006330013275146,11352569.0
2025-10-16,1.0006330013275146,1.0033890008926392,0.9966729879379272,1.000251054763794,5391839.0
2025-10-17,1.000251054763794,1.003106951713562,0.9954839944839478,1.000514030456543,4505756.0
2025-10-18,1.000514030456543,1.0034470558166504,0.9977880120277405,1.0004849433898926,2975941.0
2025-10-19,1.0004849433898926,1.0029560327529907,0.9986119866371155,1.0005769729614258,3046046.0
2025-10-20,1.0005769729614258,1.0027049779891968,0.9980689883232117,1.0006550550460815,4045332.0
2025-10-21,1.000784993171692,1.0054240226745605,0.9968400001525879,0.9994800090789795,6170585.0
2025-10-22,0.9994800090789795,1.004621982574463,0.9976930022239685,1.0005090236663818,4596929.0
2025-10-23,1.0005090236663818,1.0023729801177979,0.997842013835907,1.0005170106887817,3263529.0
2025-10-24,1.0005170106887817,1.0020270347595215,0.9978240132331848,1.0004069805145264,3275562.0
2025-10-25,1.0004069805145264,1.0015170574188232,0.9994490146636963,1.0003139972686768,1627620.0
2025-10-26,1.0003139972686768,1.0016039609909058,0.9981570243835449,0.9998990297317505,4716189.0
2025-10-27,0.9998990297317505,1.001109004020691,0.9988240003585815,1.0001310110092163,6090284.0
2025-10-28,1.0001310110092163,1.0012600421905518,0.9987239837646484,1.0004069805145264,3223627.0
2025-10-29,1.0004069805145264,1.0020159482955933,0.9984430074691772,1.000430941581726,2968220.0
2025-10-30,1.000430941581726,1.0018049478530884,0.9982050061225891,1.0000330209732056,11734167.0
2025-10-31,1.0000330209732056,1.00252103805542,0.997439980506897,0.9996430277824402,3288729.0
2025-11-01,0.9996430277824402,1.0015549659729004,0.9989200234413147,0.9997720122337341,2820838.0
2025-11-02,0.9997720122337341,1.0015339851379395,0.9991090297698975,1.000349998474121,2743677.0
2025-11-03,1.000349998474121,1.002843976020813,0.9970629811286926,1.0000720024108887,3619620.0
2025-11-04,1.0000720024108887,1.002851963043213,0.9952229857444763,1.0000489950180054,5739143.0
2025-11-05,1.0000489950180054,1.0039520263671875,0.9979990124702454,1.0001970529556274,4446500.0
2025-11-06,1.0001970529556274,1.0024199485778809,0.9969980120658875,0.9999669790267944,2991308.0
2025-11-07,0.9999669790267944,1.0018049478530884,0.9978039860725403,0.999767005443573,4673014.0
2025-11-08,0.999767005443573,1.001423954963684,0.9982929825782776,1.0001120567321777,3188218.0
2025-11-09,1.0001120567321777,1.0012110471725464,0.9991329908370972,1.0001310110092163,3908882.0
2025-11-10,1.0001310110092163,1.0009779930114746,0.9992619752883911,0.9998070001602173,6817004.0
2025-11-11,0.9998070001602173,1.0007189512252808,0.9988549947738647,0.9995009899139404,9246823.0
2025-11-12,0.9995009899139404,1.0020209550857544,0.9987199902534485,1.0002679824829102,1842568.0
2025-11-13,1.0002679824829102,1.002271056175232,0.9967589974403381,0.9992309808731079,4398346.0
2025-11-14,0.9992309808731079,1.003013014793396,0.9953039884567261,0.9994329810142517,6087039.0
2025-11-15,0.9994329810142517,1.0020149946212769,0.9975209832191467,0.9995869994163513,4589268.0
2025-11-16,0.9995530247688293,1.000797986984253,0.9981570243835449,0.9993259906768799,5545351.0
2025-11-17,0.9993259906768799,1.001343011856079,0.9973909854888916,0.9987120032310486,7007428.0
2025-11-18,0.9987120032310486,1.0024060010910034,0.9966599941253662,0.9993630051612854,7486312.0
2025-11-19,0.9993630051612854,1.0025609731674194,0.9971250295639038,0.9990220069885254,6018386.0
2025-11-20,0.9990220069885254,1.0011320114135742,0.9965530037879944,0.9992489814758301,6849308.0
2025-11-21,0.9992489814758301,1.0034459829330444,0.9949269890785217,0.999405026435852,6955164.0
2025-11-22,0.999405026435852,1.0022300481796265,0.9960539937019348,0.9996010065078735,4939916.0
2025-11-23,0.9996010065078735,1.0012309551239014,0.9983010292053223,1.0004980564117432,3659545.0
2025-11-24,1.0004980564117432,1.0012609958648682,0.9972350001335144,0.9998329877853394,5287201.0
2025-11-25,0.9998329877853394,1.0019810199737549,0.9969130158424377,0.9985939860343933,5007232.0
2025-11-26,0.9985939860343933,1.002925992012024,0.9967309832572937,0.9999729990959167,7859599.0
2025-11-27,0.9999729990959167,1.0013819932937622,0.9976009726524353,0.9997429847717285,9653487.0
2025-11-28,0.9997429847717285,1.0013480186462402,0.9982360005378723,1.000236988067627,8291387.0
2025-11-29,1.000236988067627,1.0015079975128174,0.9986709952354431,1.0001970529556274,4456849.0
2025-11-30,1.0001970529556274,1.0022859573364258,0.9977459907531738,1.0002870559692383,4781536.0
2025-12-01,1.0007129907608032,1.0025429725646973,0.9976649880409241,0.999767005443573,10167321.0
2025-12-02,0.9996920228004456,1.002560019493103,0.9975680112838745,1.000133991241455,8079323.0
2025-12-03,1.000133991241455,1.0023629665374756,0.9956979751586914,1.0005630254745483,8728570.0
2025-12-04,1.0005630254745483,1.0028680562973022,0.9980819821357727,1.00028395652771,5926443.0
2025-12-05,1.00028395652771,1.001518964767456,0.9985380172729492,1.000309944152832,5304624.0
2025-12-06,1.000309944152832,1.0014519691467285,0.9993399977684021,1.000383973121643,3326785.0
2025-12-07,1.000383973121643,1.0016230344772339,0.9989039897918701,1.000411033630371,4331577.0
2025-12-08,1.000411033630371,1.0014920234680176,0.9985449910163879,1.0002150535583496,5492304.0
2025-12-09,1.0002150535583496,1.0015610456466675,0.9983900189399719,0.9997100234031677,6413625.0
2025-12-10,0.9997100234031677,1.001109004020691,0.9987930059432983,1.0002939701080322,13304505.0
2025-12-11,1.0002939701080322,1.0008039474487305,0.9993339776992798,1.000257968902588,10593551.0
2025-12-12,1.000257968902588,1.0013370513916016,0.9990659952163696,1.000141978263855,4936672.0
2025-12-13,1.000141978263855,1.000810980796814,0.9995859861373901,1.0004260540008545,3412267.0
2025-12-14,1.0004260540008545,1.0008100271224976,0.9995949864387512,1.0000970363616943,4014424.0
2025-12-15,1.0000970363616943,1.0007909536361694,0.9992160201072693,0.9998599886894226,6628392.0
2025-12-16,0.9998599886894226,1.0010989904403687,0.9990720152854919,0.9999589920043945,5195326.0
2025-12-17,0.9999589920043945,1.0009640455245972,0.9992120265960693,0.999646008014679,6209108.0
2025-12-18,0.999646008014679,1.000838041305542,0.9984970092773438,0.999364972114563,7843938.0
2025-12-19,0.999364972114563,1.0008870363235474,0.9980909824371338,0.9993939995765686,8865218.0
2025-12-20,0.9993939995765686,1.0003679990768433,0.9986029863357544,0.9996190071105957,3018464.0
2025-12-21,0.9996489882469177,1.0004899501800537,0.9988660216331482,0.9997339844703674,5022898.0
2025-12-22,0.9997339844703674,1.0006279945373535,0.9986180067062378,0.9994069933891296,6445949.0
2025-12-23,0.9994069933891296,1.000588059425354,0.9985010027885437,0.9995459914207458,6770815.0
2025-12-24,0.9995459914207458,1.0003039836883545,0.9983090162277222,0.9993500113487244,5965256.0
2025-12-25,0.9993500113487244,1.000512957572937,0.9986940026283264,0.9993420243263245,3676667.0
2025-12-26,0.9992750287055969,1.0007380247116089,0.9977099895477295,0.9993199706077576,5334985.0
2025-12-27,0.9993199706077576,1.0002299547195435,0.9986850023269653,0.9992550015449524,3501744.0
2025-12-28,0.9992550015449524,0.9999279975891113,0.9986129999160767,0.9992589950561523,2688667.0
2025-12-29,0.9992589950561523,0.9999939799308777,0.9972209930419922,0.9983469843864441,6478347.0
2025-12-30,0.9983469843864441,1.000417947769165,0.997340977191925,0.9995189905166626,24628140.0
2025-12-31,0.9995189905166626,1.0004990100860596,0.9976199865341187,0.9978579878807068,5256047.0
2026-01-01,0.9982309937477112,0.9991829991340637,0.9974920153617859,0.9988139867782593,4079033.0
2026-01-02,0.9988139867782593,1.001484990119934,0.9971429705619812,0.9992589950561523,3976464.0
2026-01-03,0.9995959997177124,1.0007339715957642,0.9982510209083557,0.9994320273399353,3942558.0
2026-01-04,0.9994320273399353,1.0001369714736938,0.9988369941711426,0.9996359944343567,44817766.0
2026-01-05,0.9996359944343567,1.0001070499420166,0.9988719820976257,0.9999300241470337,46356223.0
2026-01-06,0.9999300241470337,1.0003859996795654,0.9979990124702454,0.9995219707489014,3360364.0
2026-01-07,0.9995219707489014,1.0007749795913696,0.9977070093154907,0.9989179968833923,4210608.0
2026-01-08,0.9989179968833923,1.0004810094833374,0.9974550008773804,0.9990829825401306,4620715.0
2026-01-09,0.9990829825401306,1.0004969835281372,0.9967319965362549,0.9984899759292603,4060330.0
2026-01-10,0.9986140131950378,0.9994990229606628,0.9976860284805298,0.9984480142593384,1936154.0
2026-01-11,0.9984480142593384,0.9991660118103027,0.9977880120277405,0.9983019828796387,2321938.0
2026-01-12,0.9983450174331665,1.0004140138626099,0.996694028377533,0.9982470273971558,3815179.0
2026-01-13,0.9982470273971558,1.0006239414215088,0.997232973575592,0.9986510276794434,5304757.0
2026-01-14,0.9986600279808044,1.0016030073165894,0.9974679946899414,0.9994500279426575,4436415.0
2026-01-15,0.9994500279426575,1.0010260343551636,0.9974660277366638,0.9995179772377014,5475834.0
2026-01-16,0.9995179772377014,1.0005680322647095,0.9979709982872009,0.9993199706077576,3645161.0
2026-01-17,0.9993199706077576,1.000251054763794,0.9980379939079285,0.9990860223770142,1755760.0
2026-01-18,0.9990860223770142,1.0008549690246582,0.9983299970626831,0.9994580149650574,2372334.0
2026-01-19,0.9994850158691406,1.0011169910430908,0.9981269836425781,0.9994720220565796,4315281.0
2026-01-20,0.9994720220565796,1.00039803981781,0.9968870282173157,0.9987249970436096,3860848.0
2026-01-21,0.9987249970436096,1.0005249977111816,0.9972649812698364,0.9990940093994141,6240516.0
2026-01-22,0.9990940093994141,1.0000940561294556,0.9977089762687683,0.9989749789237976,5146161.0
2026-01-23,0.9989839792251587,0.9998400211334229,0.9973670244216919,0.9987310171127319,4773367.0
2026-01-24,0.9986460208892822,0.9991080164909363,0.9977759718894958,0.9983130097389221,2351014.0
2026-01-25,0.9983130097389221,1.0000330209732056,0.9969689846038818,0.998649001121521,3318931.0
2026-01-26,0.998649001121521,1.0003960132598877,0.9972419738769531,0.9986749887466431,4823067.0
2026-01-27,0.9986749887466431,0.9994959831237793,0.998104989528656,0.9986850023269653,3030407.0
2026-01-28,0.9986850023269653,0.9996320009231567,0.9969059824943542,0.9985219836235046,2424983.0
2026-01-29,0.9985219836235046,0.9995790123939514,0.9967219829559326,0.9983059763908386,3367321.0
2026-01-30,0.9983059763908386,1.0008440017700195,0.9968860149383545,0.9982979893684387,3566647.0
2026-01-31,0.9982979893684387,1.0000619888305664,0.9974340200424194,0.9984660148620605,4759516.0
2026-02-01,0.9984660148620605,1.000331997871399,0.9972419738769531,0.998744010925293,3244890.0
2026-02-02,0.998744010925293,1.0009599924087524,0.9971240162849426,0.9990140199661255,4848361.0
2026-02-03,0.9990140199661255,0.9999629855155945,0.9974510073661804,0.9983739852905273,5677057.0
2026-02-04,0.9983739852905273,0.9995560050010681,0.9959499835968018,0.9973310232162476,8200364.0
2026-02-05,0.9973310232162476,0.9998369812965393,0.9959070086479187,0.9980469942092896,11336782.0
2026-02-06,0.9981870055198669,1.0013240575790405,0.9973599910736084,0.9991660118103027,2551945.0
2026-02-07,0.9991670250892639,1.000473976135254,0.9972109794616699,0.9991829991340637,1854080.0
2026-02-08,0.9991829991340637,0.9998239874839783,0.9961270093917847,0.9991980195045471,1772127.0
2026-02-09,0.9991980195045471,1.0002330541610718,0.9977669715881348,0.9993489980697632,4129913.0
2026-02-10,0.9993489980697632,1.0002269744873047,0.9973700046539307,0.9994760155677795,2606094.0
2026-02-11,0.9994760155677795,1.0003089904785156,0.9978479743003845,0.9992610216140747,3981947.0
2026-02-12,0.9992610216140747,1.000177025794983,0.9986140131950378,0.9992120265960693,6692405.0
2026-02-13,0.9992120265960693,1.0001410245895386,0.9984210133552551,0.9993699789047241,2915614.0
2026-02-14,0.9993699789047241,1.000177025794983,0.9990090131759644,0.9993730187416077,4552069.0
2026-02-15,0.9993730187416077,1.0001529455184937,0.9987249970436096,0.9993209838867188,3053147.0
2026-02-16,0.9993209838867188,1.0002429485321045,0.9985060095787048,0.9994590282440186,3473489.0
2026-02-17,0.9994590282440186,1.000309944152832,0.9986199736595154,0.9995329976081848,5995041.0
2026-02-18,0.9995329976081848,1.0005710124969482,0.9971650242805481,0.9993690252304077,26205528.0
2026-02-19,0.9993690252304077,1.0004470348358154,0.9991559982299805,0.9994779825210571,7991572.0
2026-02-20,0.9994779825210571,1.0007270574569702,0.9991989731788635,0.999625027179718,16971591.0
2026-02-21,0.9996209740638733,1.0001100301742554,0.9988800287246704,0.9997609853744507,2304186.0
2026-02-22,0.9997609853744507,1.0001130104064941,0.999210000038147,0.9995729923248291,4243743.0
2026-02-23,0.9995830059051514,1.001173973083496,0.9981570243835449,0.9987559914588928,4278404.0
2026-02-24,0.9987559914588928,1.0006970167160034,0.9981989860534668,1.0001330375671387,24273942.0
2026-02-25,1.0001330375671387,1.0009909868240356,0.9996740221977234,0.999925971031189,3239981.0
2026-02-26,0.9999639987945557,1.0008100271224976,0.999396026134491,0.9999629855155945,3912245.0
2026-02-27,0.999966025352478,1.0015679597854614,0.9954959750175476,0.9997919797897339,3150248.0
2026-02-28,0.9997919797897339,1.0013020038604736,0.998075008392334,1.0001029968261719,4167440.0
2026-03-01,1.0001029968261719,1.001013994216919,0.9986330270767212,0.9998419880867004,2080088.0
2026-03-02,0.9998419880867004,1.0009230375289917,0.9990620017051697,1.0,24971961.0
2026-03-03,1.0,1.0004470348358154,0.999580979347229,1.0001599788665771,3620374.0
2026-03-04,1.0001599788665771,1.00143301486969,0.9987750053405762,0.9999619722366333,3799235.0
2026-03-05,0.9999619722366333,1.000525951385498,0.9994109869003296,0.999908983707428,10431068.0
2026-03-06,0.9998819828033447,1.0003050565719604,0.9995719790458679,0.9997869729995728,3736476.0
2026-03-07,0.9997869729995728,1.0004040002822876,0.998960018157959,0.9998769760131836,2279624.0
2026-03-08,0.9998769760131836,1.0011179447174072,0.9982720017433167,0.9988639950752258,1864000.0
2026-03-09,0.9988639950752258,1.0012949705123901,0.9979060292243958,0.9999570250511169,2844631.0
2026-03-10,0.9999570250511169,1.001325011253357,0.9986310005187988,1.0000079870224,1731344.0
2026-03-11,1.0000020265579224,1.0009770393371582,0.9987769722938538,1.0002880096435547,4335833.0
2026-03-12,1.0002880096435547,1.0004479885101318,0.999754011631012,0.9999750256538391,5305947.0
2026-03-13,0.9999750256538391,1.0004620552062988,0.9993969798088074,1.0001490116119385,6742045.0
2026-03-14,1.0001490116119385,1.0003650188446045,0.9992280006408691,1.0000909566879272,68348772.0
2026-03-15,1.0000909566879272,1.0002909898757935,0.9997400045394897,1.0000760555267334,8372901.0
2026-03-16,1.0000760555267334,1.00095796585083,0.9985880255699158,0.9999060034751892,2946340.0
2026-03-17,0.9999060034751892,1.0006760358810425,0.9986400008201599,1.0002169609069824,4273299.0
2026-03-18,1.0002169609069824,1.0009909868240356,0.9982389807701111,0.9999510049819946,3451481.0
2026-03-19,0.9999510049819946,1.0010240077972412,0.9981319904327393,0.9999150037765503,2016989.0
2026-03-20,0.9999150037765503,1.0011240243911743,0.9894940257072449,0.9998670220375061,2083813.0
2026-03-21,0.9998559951782227,1.000440001487732,0.9928290247917175,0.9997199773788452,1450382.0
2026-03-22,0.9997199773788452,1.0008349418640137,0.9955689907073975,0.9988849759101868,1811379.0
2026-03-23,0.9988849759101868,1.0007649660110474,0.9956730008125305,1.000038981437683,4801511.0
2026-03-24,1.000038981437683,1.000967025756836,0.9973999857902527,0.9994339942932129,4648948.0
2026-03-25,0.9995560050010681,1.0009709596633911,0.996038019657135,0.9997439980506897,1882688.0
2026-03-26,0.9997439980506897,1.0000289678573608,0.9959819912910461,0.9994969964027405,6850376.0
2026-03-27,0.9994969964027405,1.000480055809021,0.9977869987487793,0.9997609853744507,6062483.0
2026-03-28,0.9997609853744507,1.0000669956207275,0.9977849721908569,0.9989539980888367,41945483.0
2026-03-29,0.9989539980888367,1.000596046447754,0.9942910075187683,0.9991549849510193,1736285.0
2026-03-30,0.9991549849510193,1.0009080171585083,0.9957339763641357,0.9988089799880981,4744479.0
2026-03-31,0.9988089799880981,1.000607967376709,0.9979860186576843,0.999235987663269,4268110.0
2026-04-01,0.999235987663269,1.0002219676971436,0.9979540109634399,0.9992349743843079,5633731.0
2026-04-02,0.9992349743843079,1.0007610321044922,0.997713029384613,0.9997829794883728,4584103.0
2026-04-03,0.9996269941329956,1.0009349584579468,0.9981610178947449,0.9998319745063782,7137552.0
2026-04-04,0.9998319745063782,1.000229001045227,0.9984639883041382,0.9997730255126953,5286560.0
2026-04-05,0.9997730255126953,1.000857949256897,0.9965699911117554,1.0001150369644165,2589410.0
2026-04-06,1.0001150369644165,1.001850962638855,0.9966880083084106,1.0002169609069824,10613896.0
2026-04-07,1.0001660585403442,1.0016380548477173,0.9978970289230347,0.9990419745445251,5582596.0
2026-04-08,0.9990419745445251,1.0015710592269897,0.9977710247039795,0.9999020099639893,22191896.0
2026-04-09,0.9999020099639893,1.0002340078353882,0.9994900226593018,0.9999060034751892,38706983.0
2026-04-10,0.9999189972877502,1.0006999969482422,0.999297022819519,1.0000799894332886,11223931.0
2026-04-11,1.0001569986343384,1.000704050064087,0.9980109930038452,1.0001059770584106,3685886.0
2026-04-12,1.0001059770584106,1.0013450384140015,0.9967629909515381,0.9992600083351135,5730722.0
2026-04-13,0.9992600083351135,1.0005340576171875,0.999101996421814,1.0001959800720215,87066623.0
2026-04-14,1.0001959800720215,1.0018060207366943,0.9968870282173157,0.9996860027313232,2299957.0
2026-04-15,0.9996860027313232,1.0018119812011719,0.9988080263137817,1.0000760555267334,12769094.0
2026-04-16,1.0000760555267334,1.000357985496521,0.9997699856758118,1.0001399517059326,39213275.0
2026-04-17,1.0001399517059326,1.0005650520324707,0.9996089935302734,1.000249981880188,64236131.0
2026-04-18,1.000249981880188,1.0005320310592651,0.9998800158500671,1.0002919435501099,26328551.0
2026-04-19,1.0002919435501099,1.0005300045013428,0.9998210072517395,1.0001840591430664,7739381.0
2026-04-20,1.0001840591430664,1.0011459589004517,0.9990040063858032,1.0001709461212158,22504551.0
2026-04-21,1.0001709461212158,1.0004220008850098,0.9997919797897339,1.0001749992370605,45345721.0
2026-04-22,1.000195026397705,1.0005019903182983,0.9997810125350952,1.000046968460083,64022416.0
2026-04-23,1.000046968460083,1.0008660554885864,0.9998660087585449,1.00034499168396,57818132.0
2026-04-24,1.00034499168396,1.0009759664535522,0.9995740056037903,1.0000900030136108,10650824.0
2026-04-25,1.0000900030136108,1.000553011894226,0.9997569918632507,1.0001260042190552,6030896.0
2026-04-26,1.0001260042190552,1.000844955444336,0.9998599886894226,1.0002540349960327,7270651.0
2026-04-27,1.0002540349960327,1.0008829832077026,0.9984229803085327,1.000059962272644,5886602.0
2026-04-28,1.0000309944152832,1.000838041305542,0.9978510141372681,0.9998850226402283,6092327.0
2026-04-29,0.9998850226402283,1.0003609657287598,0.999297022819519,0.9995710253715515,5458330.0
2026-04-30,0.9995710253715515,1.000195026397705,0.9966440200805664,0.9992560148239136,2349205.0
2026-05-01,0.9992870092391968,1.0002460479736328,0.9978479743003845,0.9996439814567566,5257043.0
2026-05-02,0.9996439814567566,1.0001349449157715,0.9978809952735901,0.9990789890289307,2592125.0
2026-05-03,0.9990789890289307,1.0005830526351929,0.9962220191955566,0.9989420175552368,2560977.0
2026-05-04,0.9989420175552368,1.001404047012329,0.9970579743385315,0.9992309808731079,6365444.0
2026-05-05,0.9992309808731079,1.0011240243911743,0.9832419753074646,0.9998840093612671,188682617.0
2026-05-06,0.9998840093612671,1.0000929832458496,0.9993410110473633,0.9998599886894226,23084209.0
2026-05-07,0.9998599886894226,1.0006849765777588,0.9990609884262085,0.9997460246086121,9552447.0
2026-05-08,0.9997460246086121,1.0011420249938965,0.9937180280685425,0.9998440146446228,4246510.0
2026-05-09,0.9998440146446228,1.000831961631775,0.9892259836196899,0.9996839761734009,17778840.0
2026-05-10,0.9996839761734009,0.9999709725379944,0.9781690239906311,0.999783992767334,19918393.0
2026-05-11,0.999783992767334,1.0005489587783813,0.9920870065689087,0.9988359808921814,10692705.0
2026-05-12,0.9988359808921814,1.0005899667739868,0.9934939742088318,0.9996340274810791,10681000.0
2026-05-13,0.9996340274810791,0.9998340010643005,0.9984530210494995,0.9995700120925903,15920266.0
2026-05-14,0.9995700120925903,1.0000829696655273,0.9991880059242249,0.9996740221977234,18934962.0
2026-05-15,0.9996740221977234,0.9998869895935059,0.9986379742622375,0.9992809891700745,5148479.0
2026-05-16,0.9992809891700745,0.9999039769172668,0.9977849721908569,0.999422013759613,3654774.0
2026-05-17,0.999422013759613,1.0004420280456543,0.9969429969787598,0.9999020099639893,1927458.0
2026-05-18,0.9999020099639893,1.0020819902420044,0.9970660209655762,0.9987419843673706,3092693.0
2026-05-19,0.9987419843673706,1.001099944114685,0.995684027671814,0.9990820288658142,3203246.0
2026-05-20,0.9990820288658142,0.9998390078544617,0.9959869980812073,0.99931800365448,2737013.0
2026-05-21,0.99931800365448,0.9997829794883728,0.9984700083732605,0.9990609884262085,5159883.0
2026-05-22,0.9990609884262085,0.9997689723968506,0.9950879812240601,0.9982650279998779,1702195.0
2026-05-23,0.9982650279998779,0.9995020031929016,0.9973700046539307,0.9988510012626648,8961482.0
2026-05-24,0.9988510012626648,1.000309944152832,0.9967380166053772,0.998881995677948,1418247.0
2026-05-25,0.998881995677948,1.0002210140228271,0.9952530264854431,0.9990100264549255,5141006.0
2026-05-26,0.9990100264549255,0.9994540214538574,0.9976009726524353,0.9985949993133545,3660668.0
2026-05-27,0.9985949993133545,0.9997180104255676,0.9969940185546875,0.9983410239219666,4017711.0
2026-05-28,0.9983410239219666,1.0000460147857666,0.9973059892654419,0.9984080195426941,3175296.0
2026-05-29,0.9984080195426941,0.9999380111694336,0.99754798412323,0.9989929795265198,3290447.0
2026-05-30,0.999055027961731,1.0003210306167603,0.9984009861946106,0.9992120265960693,2514725.0
2026-05-31,0.9992120265960693,1.0007009506225586,0.998341977596283,0.9991490244865417,1730501.0
2026-06-01,0.9991490244865417,1.0006400346755981,0.9963300228118896,0.9994530081748962,2820781.0
2026-06-02,0.9994530081748962,1.001634955406189,0.9948559999465942,0.9988579750061035,2720468.0
2026-06-03,0.9989010095596313,1.0009700059890747,0.9967799782752991,0.99822998046875,2892245.0
2026-06-04,0.99822998046875,1.001863956451416,0.9897230267524719,0.9933019876480103,5859041.0
2026-06-05,0.9933019876480103,1.002498984336853,0.9913309812545776,0.9996449947357178,13903088.0
2026-06-06,0.9996449947357178,1.0006530284881592,0.9990879893302917,0.9994969964027405,36275324.0
2026-06-07,0.9995070099830627,1.0008399486541748,0.9992480278015137,0.9995449781417847,64801449.0
2026-06-08,0.9995449781417847,1.0003399848937988,0.9990019798278809,0.9996179938316345,71022431.0
2026-06-09,0.9996179938316345,1.0008660554885864,0.9987760186195374,0.9992250204086304,20228733.0
2026-06-10,0.9992250204086304,1.000216007232666,0.99863600730896,0.999081015586853,14208159.0
2026-06-11,0.999081015586853,1.0001929998397827,0.9983270168304443,0.9990429878234863,16823155.0
2026-06-12,0.9990100264549255,0.9998540282249451,0.9981750249862671,0.999468982219696,23221270.0
2026-06-13,0.9994900226593018,0.9996979832649231,0.9991199970245361,0.9995219707489014,51356590.0
2026-06-14,0.9995219707489014,0.9997450113296509,0.9987940192222595,0.9992730021476746,50606975.0
2026-06-15,0.9992730021476746,0.999875009059906,0.9988669753074646,0.9993389844894409,56331017.0
2026-06-16,0.9993619918823242,0.9998400211334229,0.9988070130348206,0.998878002166748,66419273.0
2026-06-17,0.998878002166748,0.9996640086174011,0.9982190132141113,0.9990370273590088,62092573.0
2026-06-18,0.9990370273590088,0.9994189739227295,0.9984710216522217,0.9988890290260315,63695862.0
2026-06-19,0.9988890290260315,0.9994400143623352,0.9986540079116821,0.9990310072898865,33063152.0
2026-06-20,0.9990310072898865,0.9994810223579407,0.9985989928245544,0.9989479780197144,24245384.0
2026-06-21,0.9989479780197144,0.9992679953575134,0.9984760284423828,0.9987900257110596,23643935.0
2026-06-22,0.9987900257110596,0.9994630217552185,0.998341977596283,0.9986299872398376,18746829.0
2026-06-23,0.9986299872398376,0.9995740056037903,0.9981319904327393,0.9989690184593201,17105179.0
2026-06-24,0.9989690184593201,0.9998319745063782,0.9974570274353027,0.9991160035133362,10653272.0
2026-06-25,0.9991160035133362,1.0028860569000244,0.9948009848594666,0.9967960119247437,8818673.0
2026-06-26,0.9967960119247437,1.0021990537643433,0.9796239733695984,0.9831389784812927,4824255.0
2026-06-27,0.9831389784812927,0.9990869760513306,0.9769060015678406,0.9985449910163879,13541379.0
2026-06-28,0.9985449910163879,0.9994000196456909,0.9982050061225891,0.9983850121498108,96850219.0
2026-06-29,0.9983850121498108,0.9996790289878845,0.9980199933052063,0.9984980225563049,111438417.0
2026-06-30,0.9984980225563049,0.9990599751472473,0.9980149865150452,0.9984840154647827,86709115.0
2026-07-01,0.9984840154647827,0.9996190071105957,0.9982389807701111,0.9988359808921814,39574255.0
2026-07-02,0.9988359808921814,1.0005780458450317,0.9969639778137207,0.9987949728965759,5944193.0
2026-07-03,0.9982770085334778,1.0000649690628052,0.9971100091934204,0.9980159997940063,2883521.0
2026-07-04,0.9980159997940063,1.001297950744629,0.9963610172271729,0.9976930022239685,1793068.0
2026-07-05,0.9976860284805298,1.0028740167617798,0.9954509735107422,0.9973049759864807,1982375.0
2026-07-06,0.9973049759864807,1.0031169652938843,0.9956979751586914,0.9988600015640259,4130506.0
2026-07-07,0.9988600015640259,1.0012949705123901,0.9959989786148071,0.9987429976463318,4603096.0
2026-07-08,0.9987429976463318,1.0005019903182983,0.9976369738578796,1.0000829696655273,3733350.0
2026-07-09,1.0000829696655273,1.0021320581436157,0.9956099987030029,0.9994180202484131,1428644.0
2026-07-10,0.9994180202484131,1.0025089979171753,0.9956560134887695,1.0013970136642456,1072380.0
2026-07-11,1.0013970136642456,1.0022599697113037,0.9962520003318787,0.9976329803466797,675585.0
2026-07-12,0.9976329803466797,1.0037859678268433,0.9960839748382568,0.9984610080718994,1157967.0
2026-07-13,0.9984490275382996,1.0034329891204834,0.995481014251709,0.9998480081558228,3807549.0
2026-07-14,0.9998480081558228,1.002694010734558,0.9965559840202332,1.0001410245895386,2263709.0
2026-07-15,1.0001469850540161,1.0011060237884521,0.9977970123291016,0.999189019203186,18993299.0
2026-07-16,0.999189019203186,0.9998369812965393,0.9988639950752258,0.9991400241851807,31549043.0
2026-07-17,0.9991400241851807,0.9996920228004456,0.9988219738006592,0.9993119835853577,57379800.0
2026-07-18,0.9993119835853577,0.9997209906578064,0.9990140199661255,0.9993339776992798,105339793.0
2026-07-19,0.9993339776992798,0.9997239708900452,0.9990720152854919,0.9992460012435913,25591943.0
2026-07-20,0.9992460012435913,1.000059962272644,0.99823397397995,0.9993389844894409,19131342.0
2026-07-21,0.9993389844894409,1.0000710487365723,0.9987509846687317,0.9994080066680908,17892735.0
2026-07-22,0.9994080066680908,1.0000959634780884,0.9988340139389038,0.9995970129966736,17463218.0
2026-07-23,0.9996410012245178,0.9999380111694336,0.9989100098609924,0.9992219805717468,23775252.0
2026-07-24,0.9992219805717468,0.9997379779815674,0.998665988445282,0.999131977558136,27996772.0
2026-07-25,0.999131977558136,0.9996230006217957,0.9988269805908203,0.9991080164909363,100062872.0
2026-07-26,0.9990651607513428,0.9992291927337646,0.998975932598114,0.9991392493247986,100878832.0
